time,open,high,low,close,volume
1772193600000,65.35,65.78,62.3,63.41,2727.07
1772208000000,63.41,63.57,61.27,62.81,1571.35
1772222400000,62.81,64.41,62.74,63.71,388.59
1772236800000,63.71,63.71,63.71,63.71,0.0
1772251200000,63.71,63.71,63.71,63.71,0.0
1772265600000,63.71,63.71,63.71,63.71,0.0
1772280000000,63.71,63.71,63.71,63.71,0.0
1772294400000,63.71,63.71,63.71,63.71,0.0
1772308800000,63.71,63.71,63.71,63.71,0.0
1772323200000,63.71,63.71,63.71,63.71,0.0
1772337600000,63.71,63.71,63.71,63.71,0.0
1772352000000,63.71,63.71,63.71,63.71,0.0
1772366400000,63.71,63.71,63.71,63.71,0.0
1772380800000,63.71,63.71,63.71,63.71,0.0
1772395200000,63.71,63.71,63.71,63.71,0.0
1772409600000,63.71,63.71,63.71,63.71,0.0
1772424000000,63.71,63.71,63.71,63.71,0.0
1772438400000,63.71,63.71,63.71,63.71,0.0
1772452800000,63.71,63.71,59.77,62.96,1145.09
1772467200000,62.96,64.95,62.43,64.39,1223.74
1772481600000,64.39,64.57,63.75,64.46,506.21
1772496000000,64.46,64.46,64.46,64.46,0.0
1772510400000,64.46,64.46,64.46,64.46,0.0
1772524800000,64.46,64.46,64.46,64.46,0.0
1772539200000,64.46,64.46,61.39,62.28,1230.11
1772553600000,62.28,64.77,62.22,63.81,1284.12
1772568000000,63.81,63.85,62.82,62.94,221.18
1772582400000,62.94,62.94,62.94,62.94,0.0
1772596800000,62.94,62.94,62.94,62.94,0.0
1772611200000,62.94,62.94,62.94,62.94,0.0
1772625600000,62.94,65.32,62.85,65.1,768.36
1772640000000,65.1,65.69,64.71,65.25,807.6
1772654400000,65.25,65.55,65.05,65.25,167.74
1772668800000,65.25,65.25,65.25,65.25,0.0
1772683200000,65.25,65.25,65.25,65.25,0.0
1772697600000,65.25,65.25,65.25,65.25,0.0
1772712000000,65.25,67.41,64.93,66.13,755.69
1772726400000,66.13,67.24,65.43,67.18,1007.47
1772740800000,67.18,67.46,66.74,67.27,232.84
1772755200000,67.27,67.27,67.27,67.27,0.0
1772769600000,67.27,67.27,67.27,67.27,0.0
1772784000000,67.27,67.27,67.27,67.27,0.0
1772798400000,67.27,67.48,65.21,66.47,681.54
1772812800000,66.47,67.0,65.75,66.55,916.17
1772827200000,66.55,66.7,66.17,66.39,267.27
1772841600000,66.39,66.39,66.39,66.39,0.0
1772856000000,66.39,66.39,66.39,66.39,0.0
1772870400000,66.39,66.39,66.39,66.39,0.0
1772884800000,66.39,66.39,66.39,66.39,0.0
1772899200000,66.39,66.39,66.39,66.39,0.0
1772913600000,66.39,66.39,66.39,66.39,0.0
1772928000000,66.39,66.39,66.39,66.39,0.0
1772942400000,66.39,66.39,66.39,66.39,0.0
1772956800000,66.39,66.39,66.39,66.39,0.0
1772971200000,66.39,66.39,66.39,66.39,0.0
1772985600000,66.39,66.39,66.39,66.39,0.0
1773000000000,66.39,66.39,66.39,66.39,0.0
1773014400000,66.39,66.39,66.39,66.39,0.0
1773028800000,66.39,66.39,66.39,66.39,0.0
1773043200000,66.39,66.39,66.39,66.39,0.0
1773057600000,66.39,66.39,63.32,64.51,986.77
1773072000000,64.51,66.09,64.3,65.61,899.44
1773086400000,65.61,65.61,65.58,65.58,2.67
1773100800000,65.58,65.58,65.58,65.58,0.0
1773115200000,65.58,65.58,65.58,65.58,0.0
1773129600000,65.58,65.58,65.58,65.58,0.0
1773144000000,65.58,66.65,64.89,66.46,988.2
1773158400000,66.46,66.77,65.53,65.6,909.86
1773172800000,65.6,65.6,65.6,65.6,0.0
1773187200000,65.6,65.6,65.6,65.6,0.0
1773201600000,65.6,65.6,65.6,65.6,0.0
1773216000000,65.6,65.6,65.6,65.6,0.0
1773230400000,65.6,67.25,63.92,64.24,1126.39
1773244800000,64.24,64.94,63.44,64.62,1166.22
1773259200000,64.62,64.62,64.62,64.62,0.0
1773273600000,64.62,64.62,64.62,64.62,0.0
1773288000000,64.62,64.62,64.62,64.62,0.0
1773302400000,64.62,64.62,64.62,64.62,0.0
1773316800000,64.62,64.96,61.28,61.41,1201.69
1773331200000,61.41,61.45,59.75,59.88,1279.79
1773345600000,59.88,59.88,59.88,59.88,0.0
1773360000000,59.88,59.88,59.88,59.88,0.0
1773374400000,59.88,59.88,59.88,59.88,0.0
1773388800000,59.88,59.88,59.88,59.88,0.0
1773403200000,59.88,61.39,59.82,59.86,914.81
1773417600000,59.86,60.28,59.68,59.79,972.71
1773432000000,59.79,59.79,59.79,59.79,0.0
1773446400000,59.79,59.79,59.79,59.79,0.0
1773460800000,59.79,59.79,59.79,59.79,0.0
1773475200000,59.79,59.79,59.79,59.79,0.0
1773489600000,59.79,59.79,59.79,59.79,0.0
1773504000000,59.79,59.79,59.79,59.79,0.0
1773518400000,59.79,59.79,59.79,59.79,0.0
1773532800000,59.79,59.79,59.79,59.79,0.0
1773547200000,59.79,59.79,59.79,59.79,0.0
1773561600000,59.79,59.79,59.79,59.79,0.0
1773576000000,59.79,59.79,59.79,59.79,0.0
1773590400000,59.79,59.79,59.79,59.79,0.0
1773604800000,59.79,59.79,59.79,59.79,0.0
1773619200000,59.79,59.79,59.79,59.79,0.0
1773633600000,59.79,59.79,59.79,59.79,0.0
1773648000000,59.79,59.79,59.79,59.79,0.0
1773662400000,59.79,60.76,59.53,59.57,1109.82
1773676800000,59.57,60.47,59.35,59.82,729.06
1773691200000,59.82,59.82,59.82,59.82,0.0
1773705600000,59.82,59.82,59.82,59.82,0.0
1773720000000,59.82,59.82,59.82,59.82,0.0
1773734400000,59.82,59.82,59.82,59.82,0.0
1773748800000,59.82,61.16,59.82,60.3,735.03
1773763200000,60.3,60.87,59.74,59.76,823.22
1773777600000,59.76,59.8,59.76,59.8,0.62
1773792000000,59.8,59.8,59.8,59.8,0.0
1773806400000,59.8,59.8,59.8,59.8,0.0
1773820800000,59.8,59.8,59.8,59.8,0.0
1773835200000,59.8,61.53,59.49,59.56,1042.44
1773849600000,59.56,59.56,57.2,57.85,1753.65
1773864000000,57.85,57.85,57.85,57.85,0.0
1773878400000,57.85,57.85,57.85,57.85,0.0
1773892800000,57.85,57.85,57.85,57.85,0.0
1773907200000,57.85,57.85,57.85,57.85,0.0
1773921600000,57.85,58.64,57.2,57.45,1196.58
1773936000000,57.45,59.35,57.27,58.95,1402.33
1773950400000,58.95,58.95,58.95,58.95,0.0
1773964800000,58.95,58.95,58.95,58.95,0.0
1773979200000,58.95,58.95,58.95,58.95,0.0
1773993600000,58.95,58.95,58.95,58.95,0.0
1774008000000,58.95,60.02,58.23,60.02,1282.74
1774022400000,60.02,60.42,58.44,59.25,1037.35
1774036800000,59.25,59.25,59.25,59.25,0.0
1774051200000,59.25,59.25,59.25,59.25,0.0
1774065600000,59.25,59.25,59.25,59.25,0.0
1774080000000,59.25,59.25,59.25,59.25,0.0
1774094400000,59.25,59.25,59.25,59.25,0.0
1774108800000,59.25,59.25,59.25,59.25,0.0
1774123200000,59.25,59.25,59.25,59.25,0.0
1774137600000,59.25,59.25,59.25,59.25,0.0
1774152000000,59.25,59.25,59.25,59.25,0.0
1774166400000,59.25,59.25,59.25,59.25,0.0
1774180800000,59.25,59.25,59.25,59.25,0.0
1774195200000,59.25,59.25,59.25,59.25,0.0
1774209600000,59.25,59.25,59.25,59.25,0.0
1774224000000,59.25,59.25,59.25,59.25,0.0
1774238400000,59.25,59.25,59.25,59.25,0.0
1774252800000,59.25,59.25,59.25,59.25,0.0
1774267200000,59.25,62.18,59.25,60.59,1270.64
1774281600000,60.59,61.73,60.44,61.15,1000.69
1774296000000,61.15,61.15,61.09,61.09,1.26
1774310400000,61.09,61.09,61.09,61.09,0.0
1774324800000,61.09,61.09,61.09,61.09,0.0
1774339200000,61.09,61.09,61.09,61.09,0.0
1774353600000,61.09,61.09,58.9,59.68,996.86
1774368000000,59.68,60.26,59.23,59.88,1136.23
1774382400000,59.88,59.88,59.88,59.88,0.0
1774396800000,59.88,59.88,59.88,59.88,0.0
1774411200000,59.88,59.88,59.88,59.88,0.0
1774425600000,59.88,59.88,59.88,59.88,0.0
1774440000000,59.88,62.04,59.34,59.95,1113.59
1774454400000,59.95,60.75,59.64,59.93,795.24
1774468800000,59.93,59.93,59.93,59.93,0.0
1774483200000,59.93,59.93,59.93,59.93,0.0
1774497600000,59.93,59.93,59.93,59.93,0.0
1774512000000,59.93,59.93,59.93,59.93,0.0
1774526400000,59.93,61.4,59.57,59.71,830.37
1774540800000,59.71,59.84,59.13,59.3,793.27
1774555200000,59.3,59.36,59.3,59.36,1.82
1774569600000,59.36,59.36,59.36,59.36,0.0
1774584000000,59.36,59.36,59.36,59.36,0.0
1774598400000,59.36,59.36,59.36,59.36,0.0
1774612800000,59.36,59.36,56.4,57.12,905.54
1774627200000,57.12,57.27,55.88,56.01,889.28
1774641600000,56.01,56.01,55.87,55.87,8.47
1774656000000,55.87,55.87,55.87,55.87,0.0
1774670400000,55.87,55.87,55.87,55.87,0.0
1774684800000,55.87,55.87,55.87,55.87,0.0
1774699200000,55.87,55.87,55.87,55.87,0.0
1774713600000,55.87,55.87,55.87,55.87,0.0
1774728000000,55.87,55.87,55.87,55.87,0.0
1774742400000,55.87,55.87,55.87,55.87,0.0
1774756800000,55.87,55.87,55.87,55.87,0.0
1774771200000,55.87,55.87,55.87,55.87,0.0
1774785600000,55.87,55.87,55.87,55.87,0.0
1774800000000,55.87,55.87,55.87,55.87,0.0
1774814400000,55.87,55.87,55.87,55.87,0.0
1774828800000,55.87,55.87,55.87,55.87,0.0
1774843200000,55.87,55.87,55.87,55.87,0.0
1774857600000,55.87,55.87,55.87,55.87,0.0
1774872000000,55.87,58.1,55.87,57.92,1363.4
1774886400000,57.92,58.02,56.56,57.04,992.54
1774900800000,57.04,57.04,57.04,57.04,0.04
1774915200000,57.04,57.04,57.04,57.04,0.0
1774929600000,57.04,57.04,57.04,57.04,0.0
1774944000000,57.04,57.04,57.04,57.04,0.0
1774958400000,57.04,58.95,57.04,58.13,883.12
1774972800000,58.13,60.5,58.13,60.16,1462.68
1774987200000,60.16,60.16,60.16,60.16,0.0
1775001600000,60.16,60.16,60.16,60.16,0.0
1775016000000,60.16,60.16,60.16,60.16,0.0
1775030400000,60.16,60.16,60.16,60.16,0.0
1775044800000,60.16,61.27,59.83,60.7,1093.37
1775059200000,60.7,61.41,59.49,59.52,765.32
1775073600000,59.52,59.52,59.52,59.52,0.0
1775088000000,59.52,59.52,59.52,59.52,0.0
1775102400000,59.52,59.52,59.52,59.52,0.0
1775116800000,59.52,59.52,59.52,59.52,0.0
1775131200000,59.52,59.96,56.79,59.1,1234.17
1775145600000,59.1,59.78,58.73,59.78,840.07
1775160000000,59.78,59.78,59.78,59.78,0.0
1775174400000,59.78,59.78,59.78,59.78,0.0
1775188800000,59.78,59.78,59.78,59.78,0.0
1775203200000,59.78,59.78,59.78,59.78,0.0
1775217600000,59.78,59.78,59.78,59.78,0.0
1775232000000,59.78,59.78,59.78,59.78,0.0
1775246400000,59.78,59.78,59.78,59.78,0.0
1775260800000,59.78,59.78,59.78,59.78,0.0
1775275200000,59.78,59.78,59.78,59.78,0.0
1775289600000,59.78,59.78,59.78,59.78,0.0
1775304000000,59.78,59.78,59.78,59.78,0.0
1775318400000,59.78,59.78,59.78,59.78,0.0
1775332800000,59.78,59.78,59.78,59.78,0.0
1775347200000,59.78,59.78,59.78,59.78,0.0
1775361600000,59.78,59.78,59.78,59.78,0.0
1775376000000,59.78,59.78,59.78,59.78,0.0
1775390400000,59.78,59.78,59.78,59.78,0.0
1775404800000,59.78,59.78,59.78,59.78,0.0
1775419200000,59.78,59.78,59.78,59.78,0.0
1775433600000,59.78,59.78,59.78,59.78,0.0
1775448000000,59.78,59.78,59.78,59.78,0.0
1775462400000,59.78,59.78,59.78,59.78,0.0
1775476800000,59.78,61.65,59.78,60.64,990.14
1775491200000,60.64,60.83,59.9,60.7,568.45
1775505600000,60.7,60.7,60.7,60.7,0.0
1775520000000,60.7,60.7,60.7,60.7,0.0
1775534400000,60.7,60.7,60.7,60.7,0.0
1775548800000,60.7,60.7,60.7,60.7,0.0
1775563200000,60.7,60.7,59.48,60.04,851.08
1775577600000,60.04,60.57,59.47,59.97,833.87
1775592000000,59.97,59.97,59.97,59.97,0.0
1775606400000,59.97,59.97,59.97,59.97,0.0
1775620800000,59.97,59.97,59.97,59.97,0.0
1775635200000,59.97,59.97,59.97,59.97,0.0
1775649600000,59.97,65.34,59.97,63.26,1348.53
1775664000000,63.26,63.5,62.39,62.76,551.74
1775678400000,62.76,62.82,62.76,62.82,2.41
1775692800000,62.82,62.82,62.82,62.82,0.0
1775707200000,62.82,62.82,62.82,62.82,0.0
1775721600000,62.82,62.82,62.82,62.82,0.0
1775736000000,62.82,62.82,59.68,61.09,1040.34
1775750400000,61.09,62.86,61.09,62.72,783.06
1775764800000,62.72,62.72,62.72,62.72,0.0
1775779200000,62.72,62.72,62.72,62.72,0.0
1775793600000,62.72,62.72,62.72,62.72,0.0
1775808000000,62.72,62.72,62.72,62.72,0.0
1775822400000,62.72,62.8,61.05,61.56,1245.01
1775836800000,61.56,62.21,61.08,62.21,673.27
1775851200000,62.21,62.21,62.21,62.21,0.0
1775865600000,62.21,62.21,62.21,62.21,0.0
1775880000000,62.21,62.21,62.21,62.21,0.0
1775894400000,62.21,62.21,62.21,62.21,0.0
1775908800000,62.21,62.21,62.21,62.21,0.0
1775923200000,62.21,62.21,62.21,62.21,0.0
1775937600000,62.21,62.21,62.21,62.21,0.0
1775952000000,62.21,62.21,62.21,62.21,0.0
1775966400000,62.21,62.21,62.21,62.21,0.0
1775980800000,62.21,62.21,62.21,62.21,0.0
1775995200000,62.21,62.21,62.21,62.21,0.0
1776009600000,62.21,62.21,62.21,62.21,0.0
1776024000000,62.21,62.21,62.21,62.21,0.0
1776038400000,62.21,62.21,62.21,62.21,0.0
1776052800000,62.21,62.21,62.21,62.21,0.0
1776067200000,62.21,62.21,62.21,62.21,0.0
1776081600000,62.21,63.49,60.75,62.64,895.39
1776096000000,62.64,64.29,62.56,64.24,1177.56
1776110400000,64.24,64.24,64.24,64.24,0.0
1776124800000,64.24,64.24,64.24,64.24,0.0
1776139200000,64.24,64.24,64.24,64.24,0.0
1776153600000,64.24,64.24,64.24,64.24,0.0
1776168000000,64.24,65.85,64.17,65.78,713.93
1776182400000,65.78,66.42,65.15,66.16,646.25
1776196800000,66.16,66.16,66.16,66.16,0.0
1776211200000,66.16,66.16,66.16,66.16,0.0
1776225600000,66.16,66.16,66.16,66.16,0.0
1776240000000,66.16,66.16,66.16,66.16,0.0
1776254400000,66.16,68.31,66.16,68.18,601.37
1776268800000,68.18,68.28,67.75,68.03,530.62
1776283200000,68.03,68.03,67.98,67.98,0.9
1776297600000,67.98,67.98,67.98,67.98,0.0
1776312000000,67.98,67.98,67.98,67.98,0.0
1776326400000,67.98,67.98,67.98,67.98,0.0
1776340800000,67.98,69.14,67.45,68.82,646.25
1776355200000,68.82,68.95,68.19,68.66,455.8
1776369600000,68.66,68.66,68.66,68.66,0.0
1776384000000,68.66,68.66,68.66,68.66,0.0
1776398400000,68.66,68.66,68.66,68.66,0.0
1776412800000,68.66,68.66,68.66,68.66,0.0
1776427200000,68.66,72.16,68.66,71.5,969.4
1776441600000,71.5,71.88,70.92,71.28,657.29
1776456000000,71.28,71.28,71.28,71.28,0.0
1776470400000,71.28,71.28,71.28,71.28,0.0
1776484800000,71.28,71.28,71.28,71.28,0.0
1776499200000,71.28,71.28,71.28,71.28,0.0
1776513600000,71.28,71.28,71.28,71.28,0.0
1776528000000,71.28,71.28,71.28,71.28,0.0
1776542400000,71.28,71.28,71.28,71.28,0.0
1776556800000,71.28,71.28,71.28,71.28,0.0
1776571200000,71.28,71.28,71.28,71.28,0.0
1776585600000,71.28,71.28,71.28,71.28,0.0
1776600000000,71.28,71.28,71.28,71.28,0.0
1776614400000,71.28,71.28,71.28,71.28,0.0
1776628800000,71.28,71.28,71.28,71.28,0.0
1776643200000,71.28,71.28,71.28,71.28,0.0
1776657600000,71.28,71.28,71.28,71.28,0.0
1776672000000,71.28,71.28,71.28,71.28,0.0
1776686400000,71.28,73.09,70.97,72.91,879.83
1776700800000,72.91,73.9,72.63,73.87,540.03
1776715200000,73.87,73.87,73.87,73.87,0.0
1776729600000,73.87,73.87,73.87,73.87,0.0
1776744000000,73.87,73.87,73.87,73.87,0.0
1776758400000,73.87,73.87,73.87,73.87,0.0
1776772800000,73.87,75.19,73.14,73.5,624.97
1776787200000,73.5,73.69,71.61,71.74,773.76
1776801600000,71.74,71.74,71.74,71.74,0.0
1776816000000,71.74,71.74,71.74,71.74,0.0
1776830400000,71.74,71.74,71.74,71.74,0.0
1776844800000,71.74,71.74,71.74,71.74,0.0
1776859200000,71.74,73.42,71.74,72.42,998.7
1776873600000,72.42,72.56,71.9,72.49,410.69
1776888000000,72.49,72.49,72.49,72.49,0.0
1776902400000,72.49,72.49,72.49,72.49,0.0
1776916800000,72.49,72.49,72.49,72.49,0.0
1776931200000,72.49,72.49,72.49,72.49,0.0
1776945600000,72.49,72.49,69.73,70.22,995.14
1776960000000,70.22,70.41,68.52,69.96,1008.22
1776974400000,69.96,69.96,69.92,69.92,1.58
1776988800000,69.92,69.92,69.92,69.92,0.0
1777003200000,69.92,69.92,69.92,69.92,0.0
1777017600000,69.92,69.92,69.92,69.92,0.0
1777032000000,69.92,71.43,69.83,71.43,641.33
1777046400000,71.43,72.1,70.87,71.61,484.62
1777060800000,71.61,71.61,71.61,71.61,0.0
1777075200000,71.61,71.61,71.61,71.61,0.0
1777089600000,71.61,71.61,71.61,71.61,0.0
1777104000000,71.61,71.61,71.61,71.61,0.0
1777118400000,71.61,71.61,71.61,71.61,0.0
1777132800000,71.61,71.61,71.61,71.61,0.0
1777147200000,71.61,71.61,71.61,71.61,0.0
1777161600000,71.61,71.61,71.61,71.61,0.0
1777176000000,71.61,71.61,71.61,71.61,0.0
1777190400000,71.61,71.61,71.61,71.61,0.0
1777204800000,71.61,71.61,71.61,71.61,0.0
1777219200000,71.61,71.61,71.61,71.61,0.0
1777233600000,71.61,71.61,71.61,71.61,0.0
1777248000000,71.61,71.61,71.61,71.61,0.0
1777262400000,71.61,71.61,71.61,71.61,0.0
1777276800000,71.61,71.61,71.61,71.61,0.0
1777291200000,71.61,72.13,70.41,71.46,800.05
1777305600000,71.46,71.85,71.26,71.29,425.91
1777320000000,71.29,71.29,71.29,71.29,0.0
1777334400000,71.29,71.29,71.29,71.29,0.0
1777348800000,71.29,71.29,71.29,71.29,0.0
1777363200000,71.29,71.29,71.29,71.29,0.0
1777377600000,71.29,71.59,69.73,70.01,753.84
1777392000000,70.01,70.34,69.52,69.52,539.98
1777406400000,69.52,69.62,69.52,69.62,0.02
1777420800000,69.62,69.62,69.62,69.62,0.0
1777435200000,69.62,69.62,69.62,69.62,0.0
1777449600000,69.62,69.62,69.62,69.62,0.0
1777464000000,69.62,69.84,68.0,69.24,861.68
1777478400000,69.24,69.94,68.99,69.45,612.09
1777492800000,69.45,69.46,69.45,69.45,0.71
1777507200000,69.45,69.45,69.45,69.45,0.0
1777521600000,69.45,69.45,69.45,69.45,0.0
1777536000000,69.45,69.45,69.45,69.45,0.0
1777550400000,69.45,70.3,68.38,70.27,807.16
1777564800000,70.27,70.63,69.71,70.63,471.74
1777579200000,70.63,70.63,70.52,70.52,2.24
1777593600000,70.52,70.52,70.52,70.52,0.0
1777608000000,70.52,70.52,70.52,70.52,0.0
1777622400000,70.52,70.52,70.52,70.52,0.0
1777636800000,70.52,72.21,70.52,72.06,753.31
1777651200000,72.06,72.54,71.6,71.92,483.61
1777665600000,71.92,71.92,71.83,71.83,7.14
1777680000000,71.83,71.83,71.83,71.83,0.0
1777694400000,71.83,71.83,71.83,71.83,0.0
1777708800000,71.83,71.83,71.83,71.83,0.0
1777723200000,71.83,71.83,71.83,71.83,0.0
1777737600000,71.83,71.83,71.83,71.83,0.0
1777752000000,71.83,71.83,71.83,71.83,0.0
1777766400000,71.83,71.83,71.83,71.83,0.0
1777780800000,71.83,71.83,71.83,71.83,0.0
1777795200000,71.83,71.83,71.83,71.83,0.0
1777809600000,71.83,71.83,71.83,71.83,0.0
1777824000000,71.83,71.83,71.83,71.83,0.0
1777838400000,71.83,71.83,71.83,71.83,0.0
1777852800000,71.83,71.83,71.83,71.83,0.0
1777867200000,71.83,71.83,71.83,71.83,0.0
1777881600000,71.83,71.83,71.83,71.83,0.0
1777896000000,71.83,73.43,71.68,72.06,736.25
1777910400000,72.06,72.55,71.54,71.92,575.92
1777924800000,71.92,71.92,71.92,71.92,0.0
1777939200000,71.92,71.92,71.92,71.92,0.0
1777953600000,71.92,71.92,71.92,71.92,0.0
1777968000000,71.92,71.92,71.92,71.92,0.0
1777982400000,71.92,72.44,70.06,71.92,801.77
1777996800000,71.92,72.12,71.26,71.26,469.64
1778011200000,71.26,71.26,71.26,71.26,0.0
1778025600000,71.26,71.26,71.26,71.26,0.0
1778040000000,71.26,71.26,71.26,71.26,0.0
1778054400000,71.26,71.26,71.26,71.26,0.0
1778068800000,71.26,71.6,70.05,70.37,573.95
1778083200000,70.37,71.03,69.99,70.92,558.2
1778097600000,70.92,70.92,70.84,70.84,1.37
1778112000000,70.84,70.84,70.84,70.84,0.0
1778126400000,70.84,70.84,70.84,70.84,0.0
1778140800000,70.84,70.84,70.84,70.84,0.0
1778155200000,70.84,72.24,70.18,71.1,798.96
1778169600000,71.1,71.43,69.88,70.14,1002.49
1778184000000,70.14,70.14,70.14,70.14,0.0
1778198400000,70.14,70.14,70.14,70.14,0.0
1778212800000,70.14,70.14,70.14,70.14,0.0
1778227200000,70.14,70.14,70.14,70.14,0.0
1778241600000,70.14,77.1,70.14,74.59,1247.7
1778256000000,74.59,76.75,74.5,74.86,882.9
1778270400000,74.86,74.86,74.86,74.86,0.0
1778284800000,74.86,74.86,74.86,74.86,0.0
1778299200000,74.86,74.86,74.86,74.86,0.0
1778313600000,74.86,74.86,74.86,74.86,0.0
1778328000000,74.86,74.86,74.86,74.86,0.0
1778342400000,74.86,74.86,74.86,74.86,0.0
1778356800000,74.86,74.86,74.86,74.86,0.0
1778371200000,74.86,74.86,74.86,74.86,0.0
1778385600000,74.86,74.86,74.86,74.86,0.0
1778400000000,74.86,74.86,74.86,74.86,0.0
1778414400000,74.86,74.86,74.86,74.86,0.0
1778428800000,74.86,74.86,74.86,74.86,0.0
1778443200000,74.86,74.86,74.86,74.86,0.0
1778457600000,74.86,74.86,74.86,74.86,0.0
1778472000000,74.86,74.86,74.86,74.86,0.0
1778486400000,74.86,74.86,74.86,74.86,0.0
1778500800000,74.86,75.08,73.24,73.64,635.69
1778515200000,73.64,73.93,72.77,73.17,716.51
1778529600000,73.17,73.17,73.16,73.16,0.11
1778544000000,73.16,73.16,73.16,73.16,0.0
1778558400000,73.16,73.16,73.16,73.16,0.0
1778572800000,73.16,73.16,73.16,73.16,0.0
1778587200000,73.16,73.16,71.47,72.07,872.59
1778601600000,72.07,72.65,71.85,72.13,702.12
1778616000000,72.13,72.13,72.13,72.13,0.0
1778630400000,72.13,72.13,72.13,72.13,0.0
1778644800000,72.13,72.13,72.13,72.13,0.0
1778659200000,72.13,72.13,72.13,72.13,0.0
1778673600000,72.13,72.13,68.73,70.93,972.62
1778688000000,70.93,71.25,69.8,69.8,647.31
1778702400000,69.8,69.8,69.8,69.8,0.0
1778716800000,69.8,69.8,69.8,69.8,0.0
1778731200000,69.8,69.8,69.8,69.8,0.0
1778745600000,69.8,69.8,69.8,69.8,0.0
1778760000000,69.8,71.34,69.58,70.86,895.46
1778774400000,70.86,71.68,70.86,71.52,677.23
1778788800000,71.52,71.52,71.52,71.52,0.0
1778803200000,71.52,71.52,71.52,71.52,0.0
1778817600000,71.52,71.52,71.52,71.52,0.0
1778832000000,71.52,71.52,71.52,71.52,0.0
1778846400000,71.52,71.52,70.38,70.59,732.53
1778860800000,70.59,70.98,70.17,70.35,552.79
1778875200000,70.35,70.35,70.35,70.35,0.0
1778889600000,70.35,70.35,70.35,70.35,0.0
1778904000000,70.35,70.35,70.35,70.35,0.0
1778918400000,70.35,70.35,70.35,70.35,0.0
1778932800000,70.35,70.35,70.35,70.35,0.0
1778947200000,70.35,70.35,70.35,70.35,0.0
1778961600000,70.35,70.35,70.35,70.35,0.0
1778976000000,70.35,70.35,70.35,70.35,0.0
1778990400000,70.35,70.35,70.35,70.35,0.0
1779004800000,70.35,70.35,70.35,70.35,0.0
1779019200000,70.35,70.35,70.35,70.35,0.0
1779033600000,70.35,70.35,70.35,70.35,0.0
1779048000000,70.35,70.35,70.35,70.35,0.0
1779062400000,70.35,70.35,70.35,70.35,0.0
1779076800000,70.35,70.35,70.35,70.35,0.0
1779091200000,70.35,70.35,70.35,70.35,0.0
1779105600000,70.35,71.83,69.59,70.98,853.47
1779120000000,70.98,71.3,70.02,70.62,577.78
1779134400000,70.62,70.72,70.62,70.72,5.01
1779148800000,70.72,70.72,70.72,70.72,0.0
1779163200000,70.72,70.72,70.72,70.72,0.0
1779177600000,70.72,70.72,70.72,70.72,0.0
1779192000000,70.72,71.46,69.58,69.74,852.58
1779206400000,69.74,69.8,68.91,69.21,658.56
1779220800000,69.21,69.23,69.21,69.23,1.86
1779235200000,69.23,69.23,69.23,69.23,0.0
1779249600000,69.23,69.23,69.23,69.23,0.0
1779264000000,69.23,69.23,69.23,69.23,0.0
1779278400000,69.23,71.74,67.86,71.45,862.23
1779292800000,71.45,71.73,70.85,70.9,808.61
1779307200000,70.9,70.9,70.9,70.9,0.0
1779321600000,70.9,70.9,70.9,70.9,0.0
1779336000000,70.9,70.9,70.9,70.9,0.0
1779350400000,70.9,70.9,70.9,70.9,0.0
1779364800000,70.9,70.9,68.38,68.94,946.45
1779379200000,68.94,70.14,68.35,68.64,851.0
1779393600000,68.64,68.64,68.62,68.62,0.24
1779408000000,68.62,68.62,68.62,68.62,0.0
1779422400000,68.62,68.62,68.62,68.62,0.0
1779436800000,68.62,68.62,68.62,68.62,0.0
1779451200000,68.62,68.94,67.27,67.91,837.97
1779465600000,67.91,68.3,67.67,68.06,538.75
1779480000000,68.06,68.06,68.06,68.06,0.0
1779494400000,68.06,68.06,68.06,68.06,0.0
1779508800000,68.06,68.06,68.06,68.06,0.0
1779523200000,68.06,68.06,68.06,68.06,0.0
1779537600000,68.06,68.06,68.06,68.06,0.0
1779552000000,68.06,68.06,68.06,68.06,0.0
1779566400000,68.06,68.06,68.06,68.06,0.0
1779580800000,68.06,68.06,68.06,68.06,0.0
1779595200000,68.06,68.06,68.06,68.06,0.0
1779609600000,68.06,68.06,68.06,68.06,0.0
1779624000000,68.06,68.06,68.06,68.06,0.0
1779638400000,68.06,68.06,68.06,68.06,0.0
1779652800000,68.06,68.06,68.06,68.06,0.0
1779667200000,68.06,68.06,68.06,68.06,0.0
1779681600000,68.06,68.06,68.06,68.06,0.0
1779696000000,68.06,68.06,68.06,68.06,0.0
1779710400000,68.06,68.06,68.06,68.06,0.0
1779724800000,68.06,68.06,68.06,68.06,0.0
1779739200000,68.06,68.06,68.06,68.06,0.0
1779753600000,68.06,68.06,68.06,68.06,0.0
1779768000000,68.06,68.06,68.06,68.06,0.0
1779782400000,68.06,68.06,68.06,68.06,0.0
1779796800000,68.06,69.31,67.64,68.9,919.6
1779811200000,68.9,69.35,68.67,69.15,536.64
1779825600000,69.15,69.15,69.15,69.15,0.0
1779840000000,69.15,69.15,69.15,69.15,0.0
1779854400000,69.15,69.15,69.15,69.15,0.0
1779868800000,69.15,69.15,69.15,69.15,0.0
1779883200000,69.15,72.42,69.15,71.3,1045.6
1779897600000,71.3,71.89,71.1,71.39,521.55
1779912000000,71.39,71.39,71.25,71.25,4.35
1779926400000,71.25,71.25,71.25,71.25,0.0
1779940800000,71.25,71.25,71.25,71.25,0.0
1779955200000,71.25,71.25,71.25,71.25,0.0
1779969600000,71.25,73.12,70.2,73.03,569.14
1779984000000,73.03,74.48,72.91,74.38,385.14
1779998400000,74.38,74.38,74.38,74.38,0.04
1780012800000,74.38,74.38,74.38,74.38,0.0
1780027200000,74.38,74.38,74.38,74.38,0.0
1780041600000,74.38,74.38,74.38,74.38,0.0
1780056000000,74.38,76.64,74.19,76.24,704.43
1780070400000,76.24,76.29,75.32,75.71,428.88
1780084800000,75.71,75.73,75.71,75.73,0.22
1780099200000,75.73,75.73,75.73,75.73,0.0
1780113600000,75.73,75.73,75.73,75.73,0.0
1780128000000,75.73,75.73,75.73,75.73,0.0
1780142400000,75.73,75.73,75.73,75.73,0.0
1780156800000,75.73,75.73,75.73,75.73,0.0
1780171200000,75.73,75.73,75.73,75.73,0.0
1780185600000,75.73,75.73,75.73,75.73,0.0
1780200000000,75.73,75.73,75.73,75.73,0.0
1780214400000,75.73,75.73,75.73,75.73,0.0
1780228800000,75.73,75.73,75.73,75.73,0.0
1780243200000,75.73,75.73,75.73,75.73,0.0
1780257600000,75.73,75.73,75.73,75.73,0.0
1780272000000,75.73,75.73,75.73,75.73,0.0
1780286400000,75.73,75.73,75.73,75.73,0.0
1780300800000,75.73,75.73,75.73,75.73,0.0
1780315200000,75.73,77.42,75.56,76.9,1196.31
1780329600000,76.9,77.58,76.0,76.06,582.98
1780344000000,76.06,76.08,76.06,76.08,0.22
1780358400000,76.08,76.08,76.08,76.08,0.0
1780372800000,76.08,76.08,76.08,76.08,0.0
1780387200000,76.08,76.08,76.08,76.08,0.0
1780401600000,76.08,76.32,73.94,74.49,670.81
1780416000000,74.49,74.51,74.03,74.21,423.84
1780430400000,74.21,74.21,74.15,74.15,1.6
1780444800000,74.15,74.15,74.15,74.15,0.0
1780459200000,74.15,74.15,74.15,74.15,0.0
1780473600000,74.15,74.15,74.15,74.15,0.0
1780488000000,74.15,74.15,69.41,69.57,1050.85
1780502400000,69.57,70.37,69.51,69.92,592.81
1780516800000,69.92,69.92,69.85,69.85,1.42
1780531200000,69.85,69.85,69.85,69.85,0.0
1780545600000,69.85,69.85,69.85,69.85,0.0
1780560000000,69.85,69.85,69.85,69.85,0.0
1780574400000,69.85,72.52,69.85,71.35,849.6
1780588800000,71.35,71.35,70.73,70.89,370.18
1780603200000,70.89,70.89,70.86,70.86,0.4
1780617600000,70.86,70.86,70.86,70.86,0.0
1780632000000,70.86,70.86,70.86,70.86,0.0
1780646400000,70.86,70.86,70.86,70.86,0.0
1780660800000,70.86,70.86,68.18,68.29,545.0
1780675200000,68.29,68.41,67.65,68.15,664.6
1780689600000,68.15,68.15,68.15,68.15,0.0
1780704000000,68.15,68.15,68.15,68.15,0.0
1780718400000,68.15,68.15,68.15,68.15,0.0
1780732800000,68.15,68.15,68.15,68.15,0.0
1780747200000,68.15,68.15,68.15,68.15,0.0
1780761600000,68.15,68.15,68.15,68.15,0.0
1780776000000,68.15,68.15,68.15,68.15,0.0
1780790400000,68.15,68.15,68.15,68.15,0.0
1780804800000,68.15,68.15,68.15,68.15,0.0
1780819200000,68.15,68.15,68.15,68.15,0.0
1780833600000,68.15,68.15,68.15,68.15,0.0
1780848000000,68.15,68.15,68.15,68.15,0.0
1780862400000,68.15,68.15,68.15,68.15,0.0
1780876800000,68.15,68.15,68.15,68.15,0.0
1780891200000,68.15,68.15,68.15,68.15,0.0
1780905600000,68.15,68.15,68.15,68.15,0.0
1780920000000,68.15,70.58,68.08,70.24,1048.43
1780934400000,70.24,70.24,68.98,69.84,434.89
1780948800000,69.84,69.92,69.84,69.92,1.72
1780963200000,69.92,69.92,69.92,69.92,0.0
1780977600000,69.92,69.92,69.92,69.92,0.0
1780992000000,69.92,69.92,69.92,69.92,0.0
1781006400000,69.92,70.42,66.53,66.53,1095.0
1781020800000,66.53,68.43,65.81,68.26,887.55
1781035200000,68.26,68.29,68.26,68.28,1.26
1781049600000,68.28,68.28,68.28,68.28,0.0
1781064000000,68.28,68.28,68.28,68.28,0.0
1781078400000,68.28,68.28,68.28,68.28,0.0
1781092800000,68.28,68.79,66.6,68.14,965.74
1781107200000,68.14,68.14,66.63,66.63,931.63
1781121600000,66.63,66.63,66.63,66.63,0.0
1781136000000,66.63,66.63,66.63,66.63,0.0
1781150400000,66.63,66.63,66.63,66.63,0.0
1781164800000,66.63,66.63,66.63,66.63,0.0
1781179200000,66.63,67.6,65.52,67.04,1055.5
1781193600000,67.04,69.43,66.83,69.12,1101.0
1781208000000,69.12,69.12,69.12,69.12,0.0
1781222400000,69.12,69.12,69.12,69.12,0.0
1781236800000,69.12,69.12,69.12,69.12,0.0
1781251200000,69.12,69.12,69.12,69.12,0.0
1781265600000,69.12,70.14,68.79,69.11,705.32
1781280000000,69.11,69.75,68.77,69.43,565.93
1781294400000,69.43,69.51,69.43,69.51,8.18
1781308800000,69.51,69.51,69.51,69.51,0.0
1781323200000,69.51,69.51,69.51,69.51,0.0
1781337600000,69.51,69.51,69.51,69.51,0.0
1781352000000,69.51,69.51,69.51,69.51,0.0
1781366400000,69.51,69.51,69.51,69.51,0.0
1781380800000,69.51,69.51,69.51,69.51,0.0
1781395200000,69.51,69.51,69.51,69.51,0.0
1781409600000,69.51,69.51,69.51,69.51,0.0
1781424000000,69.51,69.51,69.51,69.51,0.0
1781438400000,69.51,69.51,69.51,69.51,0.0
1781452800000,69.51,69.51,69.51,69.51,0.0
1781467200000,69.51,69.51,69.51,69.51,0.0
1781481600000,69.51,69.51,69.51,69.51,0.0
1781496000000,69.51,69.51,69.51,69.51,0.0
1781510400000,69.51,69.51,69.51,69.51,0.0
1781524800000,69.51,74.7,69.51,74.44,678.9
1781539200000,74.44,74.79,73.93,74.23,424.47
1781553600000,74.23,74.23,74.23,74.23,0.0
1781568000000,74.23,74.23,74.23,74.23,0.0
1781582400000,74.23,74.23,74.23,74.23,0.0
1781596800000,74.23,74.23,74.23,74.23,0.0
1781611200000,74.23,75.76,74.23,75.39,597.53
1781625600000,75.39,75.93,74.46,74.54,543.85
1781640000000,74.54,74.54,74.54,74.54,0.0
1781654400000,74.54,74.54,74.54,74.54,0.0
1781668800000,74.54,74.54,74.54,74.54,0.0
1781683200000,74.54,74.54,74.54,74.54,0.0
1781697600000,74.54,75.62,74.1,75.53,512.39
1781712000000,75.53,76.17,72.72,72.79,679.76
1781726400000,72.79,72.88,72.79,72.87,7.18
1781740800000,72.87,72.87,72.87,72.87,0.0
1781755200000,72.87,72.87,72.87,72.87,0.0
1781769600000,72.87,72.87,72.87,72.87,0.0
1781784000000,72.87,74.93,72.49,74.41,763.43
1781798400000,74.41,75.08,74.41,74.76,663.97
1781812800000,74.76,74.76,74.76,74.76,0.0
1781827200000,74.76,74.76,74.76,74.76,0.0
1781841600000,74.76,74.76,74.76,74.76,0.0
1781856000000,74.76,74.76,74.76,74.76,0.0
1781870400000,74.76,74.76,74.76,74.76,0.0
1781884800000,74.76,74.76,74.76,74.76,0.0
1781899200000,74.76,74.76,74.76,74.76,0.0
1781913600000,74.76,74.76,74.76,74.76,0.0
1781928000000,74.76,74.76,74.76,74.76,0.0
1781942400000,74.76,74.76,74.76,74.76,0.0
1781956800000,74.76,74.76,74.76,74.76,0.0
1781971200000,74.76,74.76,74.76,74.76,0.0
1781985600000,74.76,74.76,74.76,74.76,0.0
1782000000000,74.76,74.76,74.76,74.76,0.0
1782014400000,74.76,74.76,74.76,74.76,0.0
1782028800000,74.76,74.76,74.76,74.76,0.0
1782043200000,74.76,74.76,74.76,74.76,0.0
1782057600000,74.76,74.76,74.76,74.76,0.0
1782072000000,74.76,74.76,74.76,74.76,0.0
1782086400000,74.76,74.76,74.76,74.76,0.0
1782100800000,74.76,74.76,74.76,74.76,0.0
1782115200000,74.76,74.76,74.76,74.76,0.0
1782129600000,74.76,75.27,72.7,73.12,690.76
1782144000000,73.12,73.65,72.53,73.08,724.2
1782158400000,73.08,73.08,73.08,73.08,0.0
1782172800000,73.08,73.08,73.08,73.08,0.0
1782187200000,73.08,73.08,73.08,73.08,0.0
1782201600000,73.08,73.08,73.08,73.08,0.0
1782216000000,73.08,73.08,71.64,72.87,666.77
1782230400000,72.87,73.3,71.81,72.4,575.3
1782244800000,72.4,72.4,72.36,72.36,1.37
1782259200000,72.36,72.36,72.36,72.36,0.0
1782273600000,72.36,72.36,72.36,72.36,0.0
1782288000000,72.36,72.36,72.36,72.36,0.0
1782302400000,72.36,77.09,72.36,76.16,854.92
1782316800000,76.16,76.51,75.35,75.66,671.14
1782331200000,75.66,75.79,75.66,75.79,3.51
1782345600000,75.79,75.79,75.79,75.79,0.0
1782360000000,75.79,75.79,75.79,75.79,0.0
1782374400000,75.79,75.79,75.79,75.79,0.0
1782388800000,75.79,75.79,73.82,75.24,967.83
1782403200000,75.24,75.49,74.07,74.08,557.88
1782417600000,74.08,74.08,74.08,74.08,0.0
1782432000000,74.08,74.08,74.08,74.08,0.0
1782446400000,74.08,74.08,74.08,74.08,0.0
1782460800000,74.08,74.08,74.08,74.08,0.0
1782475200000,74.08,76.92,74.08,76.8,1117.15
1782489600000,76.8,77.78,76.38,77.75,804.5
1782504000000,77.75,77.75,77.75,77.75,0.0
1782518400000,77.75,77.75,77.75,77.75,0.0
1782532800000,77.75,77.75,77.75,77.75,0.0
1782547200000,77.75,77.75,77.75,77.75,0.0
1782561600000,77.75,77.75,77.75,77.75,0.0
1782576000000,77.75,77.75,77.75,77.75,0.0
1782590400000,77.75,77.75,77.75,77.75,0.0
1782604800000,77.75,77.75,77.75,77.75,0.0
1782619200000,77.75,77.75,77.75,77.75,0.0
1782633600000,77.75,77.75,77.75,77.75,0.0
1782648000000,77.75,77.75,77.75,77.75,0.0
1782662400000,77.75,77.75,77.75,77.75,0.0
1782676800000,77.75,77.75,77.75,77.75,0.0
1782691200000,77.75,77.75,77.75,77.75,0.0
1782705600000,77.75,77.75,77.75,77.75,0.0
1782720000000,77.75,77.75,77.75,77.75,0.0
1782734400000,77.75,78.94,77.32,77.95,1121.09
1782748800000,77.95,78.73,77.52,77.98,776.93
1782763200000,77.98,77.99,77.98,77.99,2.44
1782777600000,77.99,77.99,77.99,77.99,0.0
1782792000000,77.99,77.99,77.99,77.99,0.0
1782806400000,77.99,77.99,77.99,77.99,0.0
1782820800000,77.99,78.79,75.31,76.14,595.79
1782835200000,76.14,76.73,75.74,76.02,518.47
1782849600000,76.02,76.02,76.02,76.02,0.0
1782864000000,76.02,76.02,76.02,76.02,0.0
1782878400000,76.02,76.02,76.02,76.02,0.0
1782892800000,76.02,76.02,76.02,76.02,0.0
1782907200000,76.02,77.83,75.17,77.41,720.37
1782921600000,77.41,77.85,77.04,77.13,592.76
1782936000000,77.13,77.13,77.13,77.13,0.0
1782950400000,77.13,77.13,77.13,77.13,0.0
1782964800000,77.13,77.13,77.13,77.13,0.0
1782979200000,77.13,77.13,77.13,77.13,0.0
1782993600000,77.13,80.98,77.13,78.79,781.36
1783008000000,78.79,78.9,77.68,78.83,741.87
1783022400000,78.83,78.83,78.83,78.83,0.0
1783036800000,78.83,78.83,78.83,78.83,0.0
1783051200000,78.83,78.83,78.83,78.83,0.0
1783065600000,78.83,78.83,78.83,78.83,0.0
1783080000000,78.83,78.83,78.83,78.83,0.0
1783094400000,78.83,78.83,78.83,78.83,0.0
1783108800000,78.83,78.83,78.83,78.83,0.0
1783123200000,78.83,78.83,78.83,78.83,0.0
1783137600000,78.83,78.83,78.83,78.83,0.0
1783152000000,78.83,78.83,78.83,78.83,0.0
1783166400000,78.83,78.83,78.83,78.83,0.0
1783180800000,78.83,78.83,78.83,78.83,0.0
1783195200000,78.83,78.83,78.83,78.83,0.0
1783209600000,78.83,78.83,78.83,78.83,0.0
1783224000000,78.83,78.83,78.83,78.83,0.0
1783238400000,78.83,78.83,78.83,78.83,0.0
1783252800000,78.83,78.83,78.83,78.83,0.0
1783267200000,78.83,78.83,78.83,78.83,0.0
1783281600000,78.83,78.83,78.83,78.83,0.0
1783296000000,78.83,78.83,78.83,78.83,0.0
1783310400000,78.83,78.83,78.83,78.83,0.0
1783324800000,78.83,78.83,78.83,78.83,0.0
1783339200000,78.83,79.22,77.56,78.84,564.19
1783353600000,78.84,79.24,78.47,78.97,445.03
1783368000000,78.97,78.97,78.97,78.97,0.0
1783382400000,78.97,78.97,78.97,78.97,0.0
1783396800000,78.97,78.97,78.97,78.97,0.0
1783411200000,78.97,78.97,78.97,78.97,0.0
1783425600000,78.97,80.07,77.63,78.18,686.2
1783440000000,78.18,78.67,77.28,77.59,548.33
1783454400000,77.59,77.59,77.59,77.59,0.0
1783468800000,77.59,77.59,77.59,77.59,0.0
1783483200000,77.59,77.59,77.59,77.59,0.0
1783497600000,77.59,77.59,77.59,77.59,0.0
1783512000000,77.59,77.59,74.89,75.78,668.49
1783526400000,75.78,76.66,75.71,76.6,408.38
1783540800000,76.6,76.6,76.6,76.6,0.0
1783555200000,76.6,76.6,76.6,76.6,0.0
1783569600000,76.6,76.6,76.6,76.6,0.0
1783584000000,76.6,76.6,76.6,76.6,0.0
1783598400000,76.6,77.86,75.94,77.67,568.92
1783612800000,77.67,77.82,77.26,77.45,314.92
1783627200000,77.45,77.45,77.45,77.45,0.0
1783641600000,77.45,77.45,77.45,77.45,0.0
1783656000000,77.45,77.45,77.45,77.45,0.0
1783670400000,77.45,77.45,77.45,77.45,0.0
1783684800000,77.45,79.64,77.29,77.68,558.87
1783699200000,77.68,77.73,76.98,77.36,512.35
1783713600000,77.36,77.36,77.36,77.36,0.0
1783728000000,77.36,77.36,77.36,77.36,0.0
1783742400000,77.36,77.36,77.36,77.36,0.0
1783756800000,77.36,77.36,77.36,77.36,0.0
1783771200000,77.36,77.36,77.36,77.36,0.0
1783785600000,77.36,77.36,77.36,77.36,0.0
1783800000000,77.36,77.36,77.36,77.36,0.0
1783814400000,77.36,77.36,77.36,77.36,0.0
1783828800000,77.36,77.36,77.36,77.36,0.0
1783843200000,77.36,77.36,77.36,77.36,0.0
1783857600000,77.36,77.36,77.36,77.36,0.0
1783872000000,77.36,77.36,77.36,77.36,0.0
1783886400000,77.36,77.36,77.36,77.36,0.0
1783900800000,77.36,77.36,77.36,77.36,0.0
1783915200000,77.36,77.36,77.36,77.36,0.0
1783929600000,77.36,77.36,77.36,77.36,0.0
1783944000000,77.36,78.82,77.21,77.78,722.34
1783958400000,77.78,78.93,77.77,78.78,460.86
1783972800000,78.78,78.78,78.78,78.78,0.0
1783987200000,78.78,78.78,78.78,78.78,0.0
1784001600000,78.78,78.78,78.78,78.78,0.0
1784016000000,78.78,78.78,78.78,78.78,0.0
1784030400000,78.78,80.74,78.42,79.57,660.07
1784044800000,79.57,80.95,79.47,80.04,552.35
1784059200000,80.04,80.04,80.04,80.04,0.0
1784073600000,80.04,80.04,80.04,80.04,0.0
1784088000000,80.04,80.04,80.04,80.04,0.0
1784102400000,80.04,80.04,80.04,80.04,0.0
1784116800000,80.04,83.99,76.57,83.51,1241.03
1784131200000,83.51,83.64,81.47,81.85,661.59
1784145600000,81.85,81.85,81.85,81.85,0.0
1784160000000,81.85,81.85,81.85,81.85,0.0
1784174400000,81.85,81.85,81.85,81.85,0.0
1784188800000,81.85,81.85,81.85,81.85,0.0
1784203200000,81.85,82.75,81.27,81.54,764.74
1784217600000,81.54,81.58,80.74,81.58,447.23
1784232000000,81.58,81.58,81.58,81.58,0.0
1784246400000,81.58,81.58,81.58,81.58,0.0
1784260800000,81.58,81.58,81.58,81.58,0.0
1784275200000,81.58,81.58,81.58,81.58,0.0
1784289600000,81.58,81.58,79.18,79.81,687.46
1784304000000,79.81,80.84,79.53,79.96,576.45
1784318400000,79.96,79.96,79.96,79.96,0.0
1784332800000,79.96,79.96,79.96,79.96,0.0
1784347200000,79.96,79.96,79.96,79.96,0.0
1784361600000,79.96,79.96,79.96,79.96,0.0
1784376000000,79.96,79.96,79.96,79.96,0.0
1784390400000,79.96,79.96,79.96,79.96,0.0
1784404800000,79.96,79.96,79.96,79.96,0.0
1784419200000,79.96,79.96,79.96,79.96,0.0
1784433600000,79.96,79.96,79.96,79.96,0.0
1784448000000,79.96,79.96,79.96,79.96,0.0
1784462400000,79.96,79.96,79.96,79.96,0.0
1784476800000,79.96,79.96,79.96,79.96,0.0
1784491200000,79.96,79.96,79.96,79.96,0.0
1784505600000,79.96,79.96,79.96,79.96,0.0
1784520000000,79.96,79.96,79.96,79.96,0.0
1784534400000,79.96,79.96,79.96,79.96,0.0
1784548800000,79.96,80.42,78.28,80.09,616.65
1784563200000,80.09,80.56,79.37,79.39,452.86
1784577600000,79.39,79.39,79.39,79.39,0.0
1784592000000,79.39,79.39,79.39,79.39,0.0
1784606400000,79.39,79.39,79.39,79.39,0.0
1784620800000,79.39,79.39,79.39,79.39,0.0
1784635200000,79.39,81.09,79.15,80.66,783.51
1784649600000,80.66,80.74,80.02,80.43,508.52
1784664000000,80.43,80.43,80.43,80.43,0.0
1784678400000,80.43,80.43,80.43,80.43,0.0
1784692800000,80.43,80.43,80.43,80.43,0.0
1784707200000,80.43,80.43,80.43,80.43,0.0
1784721600000,80.43,80.43,77.52,77.99,540.03
1784736000000,77.99,78.04,77.07,77.5,492.61
1784750400000,77.5,77.5,77.5,77.5,0.0
1784764800000,77.5,77.5,77.5,77.5,0.0
1784779200000,77.5,77.5,77.5,77.5,0.0
1784793600000,77.5,77.5,77.5,77.5,0.0
1784808000000,77.5,77.83,75.83,76.62,709.64
1784822400000,76.62,77.13,76.55,76.6,498.01
1784836800000,76.6,76.6,76.6,76.6,0.0
1784851200000,76.6,76.6,76.6,76.6,0.0
1784865600000,76.6,76.6,76.6,76.6,0.0
1784880000000,76.6,76.6,76.6,76.6,0.0
1784894400000,76.6,78.54,76.08,77.76,529.72
1784908800000,77.76,78.21,76.91,77.23,475.56
1784923200000,77.23,77.23,77.23,77.23,0.0
1784937600000,77.23,77.23,77.23,77.23,0.0
1784952000000,77.23,77.23,77.23,77.23,0.0
1784966400000,77.23,77.23,77.23,77.23,0.0
1784980800000,77.23,77.23,77.23,77.23,0.0
1784995200000,77.23,77.23,77.23,77.23,0.0
1785009600000,77.23,77.23,77.23,77.23,0.0
1785024000000,77.23,77.23,77.23,77.23,0.0
1785038400000,77.23,77.23,77.23,77.23,0.0
1785052800000,77.23,77.23,77.23,77.23,0.0
1785067200000,77.23,77.23,77.23,77.23,0.0
1785081600000,77.23,77.23,77.23,77.23,0.0
1785096000000,77.23,77.23,77.23,77.23,0.0
1785110400000,77.23,77.23,77.23,77.23,0.0
1785124800000,77.23,77.23,77.23,77.23,0.0
1785139200000,77.23,77.23,77.23,77.23,0.0
1785153600000,77.23,80.66,77.23,79.47,698.02
1785168000000,79.47,81.31,79.47,81.31,571.91
1785182400000,81.31,81.32,81.31,81.32,0.03
1785196800000,81.32,81.32,81.32,81.32,0.0
1785211200000,81.32,81.32,81.32,81.32,0.0
1785225600000,81.32,81.32,81.32,81.32,0.0
1785240000000,81.32,83.05,80.74,82.41,693.11
1785254400000,82.41,83.17,82.1,83.09,684.9
1785268800000,83.09,83.09,83.09,83.09,0.0
1785283200000,83.09,83.09,83.09,83.09,0.0
1785297600000,83.09,83.09,83.09,83.09,0.0
1785312000000,83.09,83.09,83.09,83.09,0.0
1785326400000,83.09,84.07,81.81,82.36,498.56
1785340800000,82.36,84.02,81.84,82.4,689.54
1785355200000,82.4,82.4,82.4,82.4,0.0
1785369600000,82.4,82.4,82.4,82.4,0.0
1785384000000,82.4,82.4,82.4,82.4,0.0
1785398400000,82.4,82.4,82.4,82.4,0.0
1785412800000,82.4,82.4,81.01,81.95,727.5
1785427200000,81.95,82.87,81.58,82.73,398.81
1785441600000,82.73,82.73,82.73,82.73,0.0
1785456000000,82.73,82.73,82.73,82.73,0.0
1785470400000,82.73,82.73,82.73,82.73,0.0
1785484800000,82.73,82.73,82.73,82.73,0.0
1785499200000,82.73,83.17,80.54,81.07,560.8
1785513600000,81.07,81.92,80.94,81.33,474.38
1785528000000,81.33,81.33,81.33,81.33,0.0
1785542400000,81.33,81.33,81.33,81.33,0.0
1785556800000,81.33,81.33,81.33,81.33,0.0
1785571200000,81.33,81.33,81.33,81.33,0.0
1785585600000,81.33,81.33,81.33,81.33,0.0
1785600000000,81.33,81.33,81.33,81.33,0.0
1785614400000,81.33,81.33,81.33,81.33,0.0
1785628800000,81.33,81.33,81.33,81.33,0.0
1785643200000,81.33,81.33,81.33,81.33,0.0
1785657600000,81.33,81.33,81.33,81.33,0.0
1785672000000,81.33,81.33,81.33,81.33,0.0
1785686400000,81.33,81.33,81.33,81.33,0.0
1785700800000,81.33,81.33,81.33,81.33,0.0
1785715200000,81.33,81.33,81.33,81.33,0.0
1785729600000,81.33,81.33,81.33,81.33,0.0
1785744000000,81.33,81.33,81.33,81.33,0.0
1785758400000,81.33,82.27,81.32,81.59,622.57
1785772800000,81.59,82.26,81.33,82.1,384.56
1785787200000,82.1,82.19,82.1,82.19,1.01
1785801600000,82.19,82.19,82.19,82.19,0.0
1785816000000,82.19,82.19,82.19,82.19,0.0
1785830400000,82.19,82.19,82.19,82.19,0.0
1785844800000,82.19,84.65,82.15,84.37,475.84
1785859200000,84.37,84.88,84.05,84.75,393.77
1785873600000,84.75,84.75,84.72,84.72,2.13
1785888000000,84.72,84.72,84.72,84.72,0.0
1785902400000,84.72,84.72,84.72,84.72,0.0
1785916800000,84.72,84.72,84.72,84.72,0.0
1785931200000,84.72,86.34,84.19,84.41,504.23
1785945600000,84.41,84.89,83.77,84.29,571.7
1785960000000,84.29,84.29,84.29,84.29,0.0
1785974400000,84.29,84.29,84.29,84.29,0.0
1785988800000,84.29,84.29,84.29,84.29,0.0
1786003200000,84.29,84.29,84.29,84.29,0.0
1786017600000,84.29,84.29,79.2,79.53,1122.77
1786032000000,79.53,79.84,78.64,79.33,891.25
1786046400000,79.33,79.33,79.12,79.12,5.51
1786060800000,79.12,79.12,79.12,79.12,0.0
1786075200000,79.12,79.12,79.12,79.12,0.0
1786089600000,79.12,79.12,79.12,79.12,0.0
1786104000000,79.12,80.09,78.44,78.95,618.96
1786118400000,78.95,79.24,78.06,79.04,570.74
1786132800000,79.04,79.04,79.04,79.04,0.0
1786147200000,79.04,79.04,79.04,79.04,0.0
1786161600000,79.04,79.04,79.04,79.04,0.0
1786176000000,79.04,79.04,79.04,79.04,0.0
1786190400000,79.04,79.04,79.04,79.04,0.0
1786204800000,79.04,79.04,79.04,79.04,0.0
1786219200000,79.04,79.04,79.04,79.04,0.0
1786233600000,79.04,79.04,79.04,79.04,0.0
1786248000000,79.04,79.04,79.04,79.04,0.0
1786262400000,79.04,79.04,79.04,79.04,0.0
1786276800000,79.04,79.04,79.04,79.04,0.0
1786291200000,79.04,79.04,79.04,79.04,0.0
1786305600000,79.04,79.04,79.04,79.04,0.0
1786320000000,79.04,79.04,79.04,79.04,0.0
1786334400000,79.04,79.04,79.04,79.04,0.0
1786348800000,79.04,79.04,79.04,79.04,0.0
1786363200000,79.04,79.94,78.48,79.73,396.84
1786377600000,79.73,79.87,78.89,79.04,379.72
1786392000000,79.04,79.04,79.04,79.04,0.0
1786406400000,79.04,79.04,79.04,79.04,0.0
1786420800000,79.04,79.04,79.04,79.04,0.0
1786435200000,79.04,79.04,79.04,79.04,0.0
1786449600000,79.04,79.86,78.47,78.93,548.22
1786464000000,78.93,79.49,78.33,79.14,492.46
1786478400000,79.14,79.14,79.14,79.14,0.0
1786492800000,79.14,79.14,79.14,79.14,0.0
1786507200000,79.14,79.14,79.14,79.14,0.0
1786521600000,79.14,79.14,79.14,79.14,0.0
1786536000000,79.14,79.18,77.33,77.33,495.35
1786550400000,77.33,78.55,77.33,78.42,341.6
1786564800000,78.42,78.42,78.38,78.38,1.22
1786579200000,78.38,78.38,78.38,78.38,0.0
1786593600000,78.38,78.38,78.38,78.38,0.0
1786608000000,78.38,78.38,78.38,78.38,0.0
1786622400000,78.38,80.79,78.38,80.62,683.11
1786636800000,80.62,83.81,80.49,83.2,549.66
1786651200000,83.2,83.2,83.2,83.2,0.0
1786665600000,83.2,83.2,83.2,83.2,0.0
1786680000000,83.2,83.2,83.2,83.2,0.0
1786694400000,83.2,83.2,83.2,83.2,0.0
1786708800000,83.2,83.42,82.5,82.93,482.46
1786723200000,82.93,83.44,82.55,82.78,357.65
1786737600000,82.78,82.96,82.78,82.96,7.02
1786752000000,82.96,82.96,82.96,82.96,0.0
1786766400000,82.96,82.96,82.96,82.96,0.0
1786780800000,82.96,82.96,82.96,82.96,0.0
1786795200000,82.96,82.96,82.96,82.96,0.0
1786809600000,82.96,82.96,82.96,82.96,0.0
1786824000000,82.96,82.96,82.96,82.96,0.0
1786838400000,82.96,82.96,82.96,82.96,0.0
1786852800000,82.96,82.96,82.96,82.96,0.0
1786867200000,82.96,82.96,82.96,82.96,0.0
1786881600000,82.96,82.96,82.96,82.96,0.0
1786896000000,82.96,82.96,82.96,82.96,0.0
1786910400000,82.96,82.96,82.96,82.96,0.0
1786924800000,82.96,82.96,82.96,82.96,0.0
1786939200000,82.96,82.96,82.96,82.96,0.0
1786953600000,82.96,82.96,82.96,82.96,0.0
1786968000000,82.96,82.96,80.06,80.27,427.95
1786982400000,80.27,80.68,80.04,80.25,405.42
1786996800000,80.25,80.29,80.25,80.29,0.81
1787011200000,80.29,80.29,80.29,80.29,0.0
1787025600000,80.29,80.29,80.29,80.29,0.0
1787040000000,80.29,80.29,80.29,80.29,0.0
1787054400000,80.29,81.57,79.52,81.23,502.71
1787068800000,81.23,81.26,79.48,79.5,375.67
1787083200000,79.5,79.5,79.5,79.5,0.0
1787097600000,79.5,79.5,79.5,79.5,0.0
1787112000000,79.5,79.5,79.5,79.5,0.0
1787126400000,79.5,79.5,79.5,79.5,0.0
1787140800000,79.5,81.79,79.5,81.71,624.47
1787155200000,81.71,81.9,80.91,80.92,484.02
1787169600000,80.92,80.92,80.92,80.92,0.0
1787184000000,80.92,80.92,80.92,80.92,0.0
1787198400000,80.92,80.92,80.92,80.92,0.0
1787212800000,80.92,80.92,80.92,80.92,0.0
1787227200000,80.92,81.77,79.52,79.9,592.58
1787241600000,79.9,80.49,79.69,80.13,448.7
1787256000000,80.13,80.13,80.13,80.13,0.0
1787270400000,80.13,80.13,80.13,80.13,0.0
1787284800000,80.13,80.13,80.13,80.13,0.0
1787299200000,80.13,80.13,80.13,80.13,0.0
1787313600000,80.13,82.31,79.5,81.4,1243.87
1787328000000,81.4,82.21,81.09,82.2,474.72
1787342400000,82.2,82.2,82.2,82.2,0.0
1787356800000,82.2,82.2,82.2,82.2,0.0
1787371200000,82.2,82.2,82.2,82.2,0.0
1787385600000,82.2,82.2,82.2,82.2,0.0
1787400000000,82.2,82.2,82.2,82.2,0.0
1787414400000,82.2,82.2,82.2,82.2,0.0
1787428800000,82.2,82.2,82.2,82.2,0.0
1787443200000,82.2,82.2,82.2,82.2,0.0
1787457600000,82.2,82.2,82.2,82.2,0.0
1787472000000,82.2,82.2,82.2,82.2,0.0
1787486400000,82.2,82.2,82.2,82.2,0.0
1787500800000,82.2,82.2,82.2,82.2,0.0
1787515200000,82.2,82.2,82.2,82.2,0.0
1787529600000,82.2,82.2,82.2,82.2,0.0
1787544000000,82.2,82.2,82.2,82.2,0.0
1787558400000,82.2,82.2,82.2,82.2,0.0
1787572800000,82.2,83.97,81.59,82.23,840.99
1787587200000,82.23,82.5,81.4,81.44,338.12
1787601600000,81.44,81.5,81.44,81.5,14.72
1787616000000,81.5,81.5,81.5,81.5,0.0
1787630400000,81.5,81.5,81.5,81.5,0.0
1787644800000,81.5,81.5,81.5,81.5,0.0
1787659200000,81.5,82.55,81.5,82.35,1103.4
1787673600000,82.35,82.75,81.99,82.75,312.25
1787688000000,82.75,82.75,82.73,82.73,0.3
1787702400000,82.73,82.73,82.73,82.73,0.0
1787716800000,82.73,82.73,82.73,82.73,0.0
1787731200000,82.73,82.73,82.73,82.73,0.0
1787745600000,82.73,83.47,81.99,82.67,491.58
1787760000000,82.67,83.89,82.65,83.13,277.95
1787774400000,83.13,83.13,83.13,83.13,0.0
1787788800000,83.13,83.13,83.13,83.13,0.0
1787803200000,83.13,83.13,83.13,83.13,0.0
1787817600000,83.13,83.13,83.13,83.13,0.0
1787832000000,83.13,86.9,83.13,85.83,630.1
1787846400000,85.83,85.9,84.72,84.84,507.12
1787860800000,84.84,84.84,84.84,84.84,0.0
1787875200000,84.84,84.84,84.84,84.84,0.0
1787889600000,84.84,84.84,84.84,84.84,0.0
1787904000000,84.84,84.84,84.84,84.84,0.0
1787918400000,84.84,85.82,84.02,84.03,524.39
1787932800000,84.03,84.13,83.03,83.59,434.77
1787947200000,83.59,83.59,83.59,83.59,0.0
1787961600000,83.59,83.59,83.59,83.59,0.0
1787976000000,83.59,83.59,83.59,83.59,0.0
1787990400000,83.59,83.59,83.59,83.59,0.0
1788004800000,83.59,83.59,83.59,83.59,0.0
1788019200000,83.59,83.59,83.59,83.59,0.0
1788033600000,83.59,83.59,83.59,83.59,0.0
1788048000000,83.59,83.59,83.59,83.59,0.0
1788062400000,83.59,83.59,83.59,83.59,0.0
1788076800000,83.59,83.59,83.59,83.59,0.0
1788091200000,83.59,83.59,83.59,83.59,0.0
1788105600000,83.59,83.59,83.59,83.59,0.0
1788120000000,83.59,83.59,83.59,83.59,0.0
1788134400000,83.59,83.59,83.59,83.59,0.0
1788148800000,83.59,83.59,83.59,83.59,0.0
1788163200000,83.59,83.59,83.59,83.59,0.0
1788177600000,83.59,83.59,81.53,81.66,538.41
1788192000000,81.66,82.28,81.17,82.12,514.19
1788206400000,82.12,82.12,82.12,82.12,0.0
1788220800000,82.12,82.12,82.12,82.12,0.0
1788235200000,82.12,82.12,82.12,82.12,0.0
1788249600000,82.12,82.12,82.12,82.12,0.0
1788264000000,82.12,82.12,79.6,80.02,539.56
1788278400000,80.02,80.09,77.69,77.88,448.01
1788292800000,77.88,77.88,77.88,77.88,0.0
1788307200000,77.88,77.88,77.88,77.88,0.0
1788321600000,77.88,77.88,77.88,77.88,0.0
1788336000000,77.88,77.88,77.88,77.88,0.0
1788350400000,77.88,81.19,77.39,81.0,685.75
1788364800000,81.0,83.02,80.95,82.46,451.1
1788379200000,82.46,82.46,82.46,82.46,0.0
1788393600000,82.46,82.46,82.46,82.46,0.0
1788408000000,82.46,82.46,82.46,82.46,0.0
1788422400000,82.46,82.46,82.46,82.46,0.0
1788436800000,82.46,84.57,82.14,82.82,606.45
1788451200000,82.82,83.47,82.19,83.39,316.55
1788465600000,83.39,83.39,83.39,83.39,0.0
1788480000000,83.39,83.39,83.39,83.39,0.0
1788494400000,83.39,83.39,83.39,83.39,0.0
1788508800000,83.39,83.39,83.39,83.39,0.0
1788523200000,83.39,83.39,81.89,82.83,365.71
1788537600000,82.83,83.55,82.79,82.79,407.96
1788552000000,82.79,82.79,82.76,82.76,1.05
1788566400000,82.76,82.76,82.76,82.76,0.0
1788580800000,82.76,82.76,82.76,82.76,0.0
1788595200000,82.76,82.76,82.76,82.76,0.0
1788609600000,82.76,82.76,82.76,82.76,0.0
1788624000000,82.76,82.76,82.76,82.76,0.0
1788638400000,82.76,82.76,82.76,82.76,0.0
1788652800000,82.76,82.76,82.76,82.76,0.0
